pair_id,source_x_m,source_z_m,receiver_x_m,receiver_z_m,offset_m,linear_travel_time_s,linear_travel_time_ms,noise_ms,observed_travel_time_ms,observed_travel_time_s,predicted_travel_time_ms,travel_time_residual_ms
1,5.0,0.0,10.0,0.0,5.0,0.009389658165949,9.389658165949,-1.3599399938659764,8.029718172083022,0.008029718172083,9.704595481103969,-1.6748773090209461
2,5.0,0.0,14.0,0.0,9.0,0.0169013846987082,16.901384698708213,0.8945360792562351,17.795920777964447,0.0177959207779644,17.445449755048987,0.3504710229154604
3,5.0,0.0,18.0,0.0,13.0,0.0244131112314674,24.413111231467408,0.3509080817419299,24.76401931320934,0.0247640193132093,25.108592199860453,-0.34457288665111463
4,5.0,0.0,22.0,0.0,17.0,0.0319248377642265,31.924837764226595,1.2170465533083246,33.14188431753492,0.0331418843175349,32.74818204610676,0.39370227142815395
5,5.0,0.0,26.0,0.0,21.0,0.0394365642969858,39.43656429698581,1.3732218149011186,40.80978611188693,0.0408097861118869,40.08332348523676,0.7264626266501679
6,5.0,0.0,30.0,0.0,25.0,0.046948290829745,46.948290829745005,-1.1391112477587937,45.80917958198621,0.0458091795819862,47.09412167426518,-1.2849420922789747
7,5.0,0.0,34.0,0.0,29.0,0.0544600173625042,54.46001736250421,-0.0835572023928792,54.37646016011133,0.0543764601601113,54.4654759257922,-0.08901576568086966
8,5.0,0.0,38.0,0.0,33.0,0.0619717438952634,61.9717438952634,1.0567801966696382,63.02852409193304,0.063028524091933,62.0680427284581,0.9604813634749405
9,5.0,0.0,42.0,0.0,37.0,0.0694834704280226,69.48347042802263,0.009695688348544,69.49316611637117,0.0694931661163711,69.56343240855952,-0.07026629218835012
10,5.0,0.0,46.0,0.0,41.0,0.0769951969607818,76.9951969607818,0.2817941819791874,77.27699114276099,0.0772769911427609,76.68308827261687,0.5939028701441202
11,5.0,0.0,50.0,0.0,45.0,0.084506923493541,84.50692349354102,-1.8508428290401315,82.65608066450089,0.0826560806645008,82.70737271258045,-0.051292048079560004
12,5.0,0.0,54.0,0.0,49.0,0.0920186500263002,92.01865002630022,-0.8031411219540984,91.21550890434612,0.0912155089043461,89.34153020163353,1.8739787027125914
13,5.0,0.0,58.0,0.0,53.0,0.0983057298676168,98.30572986761686,0.02543222040636,98.33116208802322,0.0983311620880232,94.39495375902615,3.9362083289970684
14,5.0,0.0,62.0,0.0,57.0,0.0984725771012463,98.47257710124636,0.7809141534284986,99.25349125467486,0.0992534912546748,97.3316228827299,1.921868371944953
15,5.0,0.0,66.0,0.0,61.0,0.096280681586429,96.28068158642908,-0.3207834715298708,95.95989811489922,0.0959598981148992,98.25174288056779,-2.2918447656685714
16,5.0,0.0,70.0,0.0,65.0,0.0959891115443872,95.9891115443872,-0.1065151389645674,95.88259640542265,0.0958825964054226,97.6579223655817,-1.7753259601590514
17,5.0,0.0,74.0,0.0,69.0,0.0984123725576368,98.4123725576368,-0.1824949168432315,98.22987764079356,0.0982298776407935,99.12501424212172,-0.8951366013281614
18,5.0,0.0,78.0,0.0,73.0,0.1014960090393013,101.49600903930138,-0.8224337798546515,100.67357525944674,0.1006735752594467,101.52539533150218,-0.8518200720554461
19,5.0,0.0,82.0,0.0,77.0,0.105883353797107,105.88335379710708,0.5420895432745221,106.4254433403816,0.1064254433403816,105.58885034680303,0.8365929935785772
20,5.0,0.0,86.0,0.0,81.0,0.1106937866356216,110.6937866356216,-1.3062332431201646,109.38755339250145,0.1093875533925014,110.05508448115255,-0.6675310886511028
21,5.0,0.0,90.0,0.0,85.0,0.1142809788272811,114.28097882728116,-1.2824793052747745,112.99849952200638,0.1129984995220063,114.28888511302067,-1.2903855910142852
22,5.0,0.0,94.0,0.0,89.0,0.1199184515541651,119.91845155416516,0.3405122763920218,120.25896383055718,0.1202589638305571,119.46902750400457,0.7899363265526063
23,5.0,0.0,98.0,0.0,93.0,0.1246237307626959,124.62373076269596,-1.2858106876270443,123.33792007506892,0.1233379200750689,124.48240446419469,-1.1444843891257648
24,5.0,0.0,102.0,0.0,97.0,0.1305317645959562,130.53176459595628,1.1070560630363604,131.63882065899264,0.1316388206589926,130.6032454663898,1.0355751926028347
25,5.0,0.0,106.0,0.0,101.0,0.1355157907107249,135.5157907107249,0.2647503628458632,135.78054107357076,0.1357805410735707,136.05649021052238,-0.27594913695162404
26,5.0,0.0,110.0,0.0,105.0,0.1424229103328593,142.42291033285937,1.3348679219284036,143.75777825478778,0.1437577782547877,142.21559241355428,1.542185841233504
27,5.0,0.0,114.0,0.0,109.0,0.1473361418229779,147.33614182297796,1.3648279067477036,148.70096972972567,0.1487009697297256,147.2646476373111,1.4363220924145708
28,5.0,0.0,118.0,0.0,113.0,0.1527965591528584,152.79655915285846,0.0520469022164688,152.84860605507492,0.1528486060550749,151.9856854573924,0.8629205976825176
29,25.0,0.0,2.0,0.0,23.0,0.0431924275633654,43.19242756336541,-0.4126433111940156,42.7797842521714,0.0427797842521713,43.82338666522422,-1.0436024130528168
30,25.0,0.0,6.0,0.0,19.0,0.0356807010306062,35.6807010306062,1.1860519882830902,36.86675301888929,0.0368667530188892,36.30273472267574,0.564018296213554
31,25.0,0.0,10.0,0.0,15.0,0.028168974497847,28.16897449784701,0.5449882842196773,28.713962782066687,0.0287139627820666,28.213368555098587,0.5005942269681007
32,25.0,0.0,14.0,0.0,11.0,0.0206572479650878,20.657247965087805,0.8650613287868556,21.52230929387466,0.0215223092938746,20.615364657958498,0.9069446359161617
33,25.0,0.0,18.0,0.0,7.0,0.0131455214323286,13.145521432328604,0.2623910798295395,13.407912512158145,0.0134079125121581,13.113741874378507,0.29417063777963826
34,25.0,0.0,30.0,0.0,5.0,0.0093896581659489,9.389658165948996,0.150737664118115,9.54039583006711,0.0095403958300671,9.034677803265376,0.505718026801734
35,25.0,0.0,34.0,0.0,9.0,0.0169013846987082,16.901384698708203,-0.6414710688802071,16.259913629827995,0.0162599136298279,16.199938576350174,0.05997505347782095
36,25.0,0.0,38.0,0.0,13.0,0.0244131112314674,24.413111231467408,-0.2740997586997311,24.13901147276768,0.0241390114727676,23.6854040917811,0.4536073809865826
37,25.0,0.0,42.0,0.0,17.0,0.0319248377642266,31.9248377642266,0.9473441502280862,32.872181914454686,0.0328721819144546,31.43073546855235,1.4414464459023364
38,25.0,0.0,46.0,0.0,21.0,0.0394365642969858,39.43656429698581,-0.8856886977855521,38.55087559920025,0.0385508755992002,39.165183818068044,-0.6143082188677909
39,25.0,0.0,50.0,0.0,25.0,0.046948290829745,46.94829082974501,-1.412125029444144,45.53616580030087,0.0455361658003008,46.52331947744823,-0.9871536771473615
40,25.0,0.0,54.0,0.0,29.0,0.0544600173625042,54.46001736250421,2.3347628547587664,56.794780217262975,0.0567947802172629,54.79662438272217,1.9981558345408033
41,25.0,0.0,58.0,0.0,33.0,0.0619717438952634,61.971743895263415,-0.5230729512508175,61.4486709440126,0.0614486709440126,62.36230860596369,-0.9136376619510926
42,25.0,0.0,62.0,0.0,37.0,0.0694834704280226,69.48347042802264,-0.2984672883839943,69.18500313963865,0.0691850031396386,69.05536899925094,0.12963414038770793
43,25.0,0.0,66.0,0.0,41.0,0.0760478287655149,76.04782876551491,1.9766910390323005,78.02451980454721,0.0780245198045472,73.9657692837154,4.058750520831808
44,25.0,0.0,70.0,0.0,45.0,0.0785669294104918,78.56692941049188,-1.374860836741163,77.19206857375072,0.0771920685737507,76.90808476749906,0.28398380625165487
45,25.0,0.0,74.0,0.0,49.0,0.0816044268110354,81.60442681103541,-0.3622837958475966,81.2421430151878,0.0812421430151878,80.43263987447108,0.8095031407167284
46,25.0,0.0,78.0,0.0,53.0,0.0840672240167862,84.06722401678627,-0.6038449965125521,83.46337902027372,0.0834633790202737,83.70877887175322,-0.2453998514795046
47,25.0,0.0,82.0,0.0,57.0,0.0877029407702802,87.7029407702802,-0.8810224722313919,86.8219182980488,0.0868219182980488,87.2764251979806,-0.4545068999318005
48,25.0,0.0,86.0,0.0,61.0,0.091077433572561,91.07743357256108,-0.982390019571056,90.09504355299002,0.09009504355299,91.19078023775106,-1.095736684761036
49,25.0,0.0,90.0,0.0,65.0,0.0948480385122356,94.84803851223565,0.0903455386171675,94.93838405085282,0.0949383840508528,95.2112703966552,-0.2728863458023767
50,25.0,0.0,94.0,0.0,69.0,0.1001464884773068,100.14648847730687,-2.5676457063677365,97.57884277093912,0.0975788427709391,99.12502384556322,-1.5461810746241014
51,25.0,0.0,98.0,0.0,73.0,0.1048567320132773,104.8567320132774,-1.0013770794395405,103.85535493383786,0.1038553549338378,103.89697841639443,-0.041623482556573776
52,25.0,0.0,102.0,0.0,77.0,0.1100334847173187,110.03348471731876,-0.7685863873010284,109.26489833001772,0.1092648983300177,109.23046251329848,0.03443581671923823
53,25.0,0.0,106.0,0.0,81.0,0.1144613886964714,114.46138869647145,-1.713470533234673,112.74791816323678,0.1127479181632367,114.84263493510035,-2.094716771863574
54,25.0,0.0,110.0,0.0,85.0,0.1203024660572619,120.30246605726198,-0.2262867986502559,120.07617925861172,0.1200761792586117,120.61801958604102,-0.5418403274292984
55,25.0,0.0,114.0,0.0,89.0,0.1249439403288472,124.94394032884723,-0.2578010559276608,124.68613927291958,0.1246861392729195,125.69532374828214,-1.0091844753625594
56,25.0,0.0,118.0,0.0,93.0,0.1306589353872173,130.6589353872173,-0.572464296954027,130.08647109026327,0.1300864710902632,132.2409114794848,-2.15444038922152
57,45.0,0.0,2.0,0.0,43.0,0.0807510602271614,80.75106022716143,1.0653684729049182,81.81642870006635,0.0818164287000663,80.2289824571413,1.5874462429250542
58,45.0,0.0,6.0,0.0,39.0,0.0732393336944022,73.23933369440222,0.5187330471524327,73.75806674155466,0.0737580667415546,73.20469665403898,0.553370087515674
59,45.0,0.0,10.0,0.0,35.0,0.065727607161643,65.72760716164302,-0.5679906828018818,65.15961647884114,0.0651596164788411,65.18027512125074,-0.020658642409600247
60,45.0,0.0,14.0,0.0,31.0,0.0582158806288838,58.215880628883816,-0.6785455271863838,57.53733510169743,0.0575373351016974,57.7285346899347,-0.1911995882372679
61,45.0,0.0,18.0,0.0,27.0,0.0507041540961246,50.70415409612462,0.2402285187399427,50.94438261486456,0.0509443826148645,50.443548008241684,0.5008346066228739
62,45.0,0.0,22.0,0.0,23.0,0.0431924275633654,43.19242756336542,-0.0360129177348699,43.15641464563055,0.0431564146456305,43.085105773859055,0.07130887177149248
63,45.0,0.0,26.0,0.0,19.0,0.0356807010306062,35.68070103060621,0.7842381843627461,36.46493921496896,0.0364649392149689,35.3848997382789,1.080039476690061
64,45.0,0.0,30.0,0.0,15.0,0.028168974497847,28.168974497847003,-0.2424842542600142,27.92649024358699,0.0279264902435869,27.84736195997823,0.07912828360876034
65,45.0,0.0,34.0,0.0,11.0,0.0206572479650878,20.657247965087805,-0.6988963314460808,19.95835163364173,0.0199583516336417,20.786461810667035,-0.8281101770253052
66,45.0,0.0,38.0,0.0,7.0,0.0131455214323286,13.145521432328604,0.5612302811082515,13.706751713436857,0.0137067517134368,13.536611396309926,0.1701403171269309
67,45.0,0.0,50.0,0.0,5.0,0.0093896581659489,9.389658165948996,-0.1133627307451031,9.276295435203892,0.0092762954352038,9.7190838101339,-0.442788374930009
68,45.0,0.0,54.0,0.0,9.0,0.0169013846987082,16.901384698708203,-1.016412822296519,15.884971876411685,0.0158849718764116,17.85760911799812,-1.972637241586435
69,45.0,0.0,58.0,0.0,13.0,0.0244131112314674,24.413111231467408,0.0788452485916532,24.49195648005906,0.024491956480059,26.076468127919618,-1.584511647860559
70,45.0,0.0,62.0,0.0,17.0,0.0319248377642266,31.9248377642266,2.8848699594416725,34.80970772366827,0.0348097077236682,34.04393404102131,0.7657736826469588
71,45.0,0.0,66.0,0.0,21.0,0.0394365642969858,39.43656429698581,-1.6938373659744193,37.74272693101139,0.0377427269310113,41.287943356069306,-3.545216425057916
72,45.0,0.0,70.0,0.0,25.0,0.046948290829745,46.94829082974502,-1.0106165447370352,45.93767428500799,0.0459376742850079,48.22203433206553,-2.2843600470575396
73,45.0,0.0,74.0,0.0,29.0,0.0544600173625042,54.46001736250422,-0.1503563786251343,54.30966098387909,0.054309660983879,55.53911971299207,-1.2294587291129773
74,45.0,0.0,78.0,0.0,33.0,0.0619717438952634,61.97174389526342,0.3972037809214504,62.36894767618488,0.0623689476761848,62.72434792275763,-0.35540024657274927
75,45.0,0.0,82.0,0.0,37.0,0.0694834704280226,69.48347042802263,-0.8226338753640735,68.66083655265855,0.0686608365526585,70.0326756195293,-1.3718390668707485
76,45.0,0.0,86.0,0.0,41.0,0.0769951969607818,76.99519696078181,-0.6515191676741836,76.34367779310763,0.0763436777931076,77.38781363599944,-1.044135842891805
77,45.0,0.0,90.0,0.0,45.0,0.084506923493541,84.506923493541,1.3288590210596851,85.83578251460068,0.0858357825146006,84.73414408586159,1.1016384287390935
78,45.0,0.0,94.0,0.0,49.0,0.0920186500263002,92.0186500263002,-0.535046775174568,91.48360325112564,0.0914836032511256,91.50344549205207,-0.019842240926422505
79,45.0,0.0,98.0,0.0,53.0,0.0995303765590594,99.5303765590594,-0.3060552034913938,99.224321355568,0.099224321355568,98.81740865863476,0.40691269693323306
80,45.0,0.0,102.0,0.0,57.0,0.1070421030918186,107.04210309181862,-0.6947523171181414,106.34735077470047,0.1063473507747004,105.92148346900791,0.42586730569256304
81,45.0,0.0,106.0,0.0,61.0,0.1145538296245778,114.55382962457782,0.5482822819863481,115.10211190656416,0.1151021119065641,113.52046681665956,1.5816450899045975
82,45.0,0.0,110.0,0.0,65.0,0.1220655561573369,122.06555615733696,-0.2587436261813422,121.8068125311556,0.1218068125311556,119.62535331857299,2.1814592125826096
83,45.0,0.0,114.0,0.0,69.0,0.1295772826900962,129.57728269009618,1.8958840159411408,131.47316670603732,0.1314731667060373,128.27621680702157,3.196949899015749
84,45.0,0.0,118.0,0.0,73.0,0.1361255946352224,136.12559463522246,0.2516724453817677,136.3772670806042,0.1363772670806042,134.8476729578958,1.529594122708403
85,65.0,0.0,2.0,0.0,63.0,0.0991325764438074,99.1325764438074,1.3142525982735795,100.44682904208098,0.1004468290420809,101.10927017582989,-0.6624411337489136
86,65.0,0.0,6.0,0.0,59.0,0.0958128866559898,95.81288665598989,0.8865119682126646,96.69939862420254,0.0966993986242025,96.94440853831016,-0.2450099141076123
87,65.0,0.0,10.0,0.0,55.0,0.0917123383109632,91.71233831096328,0.1111085710171124,91.8234468819804,0.0918234468819804,91.95245507032907,-0.12900818834866357
88,65.0,0.0,14.0,0.0,51.0,0.0884533031941841,88.45330319418417,-0.078840445412747,88.37446274877142,0.0883744627487714,87.37340144378854,1.0010613049828834
89,65.0,0.0,18.0,0.0,47.0,0.0838270810334912,83.82708103349124,0.0635920963969322,83.89067312988817,0.0838906731298881,82.5789700807744,1.311703049113774
90,65.0,0.0,22.0,0.0,43.0,0.0782671070322543,78.26710703225433,0.9693314095292918,79.23643844178362,0.0792364384417836,77.40916157595909,1.8272768658245298
91,65.0,0.0,26.0,0.0,39.0,0.0732393336944022,73.23933369440222,0.7407755358769529,73.98010923027917,0.0739801092302791,71.30338399473084,2.676725235548332
92,65.0,0.0,30.0,0.0,35.0,0.065727607161643,65.72760716164304,0.1713641735076695,65.8989713351507,0.0658989713351507,64.56360148061293,1.335369854537774
93,65.0,0.0,34.0,0.0,31.0,0.0582158806288838,58.21588062888383,0.8935158254542188,59.10939645433805,0.059109396454338,58.77460256374989,0.3347938905881591
94,65.0,0.0,38.0,0.0,27.0,0.0507041540961246,50.70415409612461,-0.6660859670819749,50.03806812904264,0.0500380681290426,52.701391855747815,-2.6633237267051726
95,65.0,0.0,42.0,0.0,23.0,0.0431924275633654,43.192427563365406,0.687880336341279,43.880307899706686,0.0438803078997066,45.88111630544723,-2.0008084057405426
96,65.0,0.0,46.0,0.0,19.0,0.0356807010306062,35.68070103060622,0.7109647842069461,36.391665814813166,0.0363916658148131,37.388285152732784,-0.9966193379196184
97,65.0,0.0,50.0,0.0,15.0,0.028168974497847,28.168974497847007,-0.1481465784756425,28.020827919371364,0.0280208279193713,29.46843301423798,-1.447605094866617
98,65.0,0.0,54.0,0.0,11.0,0.0206572479650878,20.657247965087805,0.08485607944068,20.742104044528485,0.0207421040445284,21.54789543442375,-0.8057913898952656
99,65.0,0.0,58.0,0.0,7.0,0.0131455214323286,13.145521432328604,0.994549210908164,14.140070643236768,0.0141400706432367,13.613358243311442,0.5267123999253265
100,65.0,0.0,70.0,0.0,5.0,0.0093896581659489,9.389658165948996,-0.0388993308501562,9.35075883509884,0.0093507588350988,9.2814734905002,0.06928534459864011
101,65.0,0.0,74.0,0.0,9.0,0.0169013846987082,16.901384698708203,0.6814288167594305,17.582813515467635,0.0175828135154676,16.566203509467634,1.0166100060000005
102,65.0,0.0,78.0,0.0,13.0,0.0244131112314674,24.413111231467408,-0.1999076590805366,24.21320357238687,0.0242132035723868,23.782737477703286,0.43046609468358454
103,65.0,0.0,82.0,0.0,17.0,0.0319248377642266,31.9248377642266,-1.106373949743889,30.81846381448271,0.0308184638144827,31.224939100381786,-0.4064752858990772
104,65.0,0.0,86.0,0.0,21.0,0.0394365642969858,39.43656429698581,-0.1863452393170248,39.25021905766878,0.0392502190576687,38.876878969472514,0.3733400881962652
105,65.0,0.0,90.0,0.0,25.0,0.046948290829745,46.94829082974501,0.9312333160772904,47.8795241458223,0.0478795241458223,46.411788147059575,1.467735998762727
106,65.0,0.0,94.0,0.0,29.0,0.0544600173625042,54.46001736250422,0.8087579855276955,55.26877534803192,0.0552687753480319,53.67956850203739,1.589206845994532
107,65.0,0.0,98.0,0.0,33.0,0.0619717438952634,61.971743895263415,-0.2792492161240534,61.692494679139365,0.0616924946791393,61.33038180548667,0.3621128736526984
108,65.0,0.0,102.0,0.0,37.0,0.0694834704280226,69.48347042802263,-0.6721888984317546,68.81128152959087,0.0688112815295908,69.16618914520907,-0.3549076156182025
109,65.0,0.0,106.0,0.0,41.0,0.0769951969607818,76.9951969607818,-0.3273953242523225,76.66780163652948,0.0766678016365294,77.23468787384444,-0.5668862373149608
110,65.0,0.0,110.0,0.0,45.0,0.0845069234935409,84.50692349354097,-0.3277478235858567,84.17917566995511,0.0841791756699551,84.13685424441823,0.04232142553688334
111,65.0,0.0,114.0,0.0,49.0,0.0920186500263001,92.0186500263002,0.8759637755820868,92.89461380188229,0.0928946138018822,92.05605627000763,0.8385575318746561
112,65.0,0.0,118.0,0.0,53.0,0.0995303765590594,99.53037655905942,-0.9220316912783733,98.60834486778104,0.098608344867781,99.45355953655486,-0.8452146687738207
113,85.0,0.0,2.0,0.0,83.0,0.1123698101781167,112.36981017811677,-0.8816165488818132,111.48819362923496,0.1114881936292349,112.28649058432424,-0.7982969550892847
114,85.0,0.0,6.0,0.0,79.0,0.1085003518922265,108.50035189222658,0.0956862750299436,108.59603816725652,0.1085960381672565,107.61756340743116,0.9784747598253603
115,85.0,0.0,10.0,0.0,75.0,0.1031032813193885,103.10328131938856,-1.3263060230370542,101.77697529635152,0.1017769752963515,102.51607157367475,-0.7390962773232275
116,85.0,0.0,14.0,0.0,71.0,0.0994086170895537,99.40861708955376,-1.5699302564079414,97.8386868331458,0.0978386868331458,98.75994667354018,-0.9212598403943844
117,85.0,0.0,18.0,0.0,67.0,0.0960097048742573,96.00970487425734,-1.251218381973927,94.7584864922834,0.0947584864922834,95.77995844441192,-1.0214719521285218
118,85.0,0.0,22.0,0.0,63.0,0.091806752539166,91.806752539166,0.3543894573972401,92.16114199656325,0.0921611419965632,92.6687009918085,-0.5075589952452617
119,85.0,0.0,26.0,0.0,59.0,0.0894590004021071,89.4590004021071,0.3442431837272997,89.8032435858344,0.0898032435858344,89.32849408206027,0.4747495037741203
120,85.0,0.0,30.0,0.0,55.0,0.086325625859217,86.32562585921708,1.0936566519751088,87.4192825111922,0.0874192825111921,86.1288730988838,1.2904094123083922
121,85.0,0.0,34.0,0.0,51.0,0.0856832189970005,85.68321899700054,0.6437418338403633,86.3269608308409,0.0863269608308409,84.62556548796441,1.701395342876495
122,85.0,0.0,38.0,0.0,47.0,0.0859550209427918,85.9550209427918,-1.1828495601106648,84.77217138268114,0.0847721713826811,83.74608138999119,1.026089992689947
123,85.0,0.0,42.0,0.0,43.0,0.0807510602271614,80.75106022716142,1.131248400296399,81.88230862745782,0.0818823086274578,80.91713660810767,0.965172019350149
124,85.0,0.0,46.0,0.0,39.0,0.0732393336944022,73.23933369440223,-0.7442881275269015,72.49504556687533,0.0724950455668753,73.66942151856122,-1.1743759516858887
125,85.0,0.0,50.0,0.0,35.0,0.065727607161643,65.72760716164304,0.424370898200031,66.15197805984306,0.066151978059843,65.74465739032327,0.40732066951979107
126,85.0,0.0,54.0,0.0,31.0,0.0582158806288838,58.215880628883816,0.5830134672967178,58.79889409618053,0.0587988940961805,57.822006495200604,0.9768876009799285
127,85.0,0.0,58.0,0.0,27.0,0.0507041540961246,50.70415409612462,-0.2495694915198754,50.45458460460474,0.0504545846046047,49.955503846740626,0.4990807578641139
128,85.0,0.0,62.0,0.0,23.0,0.0431924275633654,43.192427563365406,-0.2496589439799068,42.9427686193855,0.0429427686193854,42.643427062569366,0.29934155681613106
129,85.0,0.0,66.0,0.0,19.0,0.0356807010306062,35.6807010306062,0.3431685007668524,36.02386953137305,0.036023869531373,35.10800666576694,0.9158628656061083
130,85.0,0.0,70.0,0.0,15.0,0.028168974497847,28.168974497847007,0.3692424845819875,28.538216982428995,0.0285382169824289,27.259606641654237,1.2786103407747582
131,85.0,0.0,74.0,0.0,11.0,0.0206572479650878,20.657247965087805,-1.1512376078367603,19.506010357251043,0.019506010357251,19.831827989206737,-0.3258176319556938
132,85.0,0.0,78.0,0.0,7.0,0.0131455214323286,13.145521432328607,-1.0523582440266603,12.093163188301949,0.0120931631883019,12.619799740764751,-0.5266365524628025
133,85.0,0.0,90.0,0.0,5.0,0.0093896581659489,9.389658165948996,0.4862320722012563,9.875890238150252,0.0098758902381502,9.134078284344538,0.7418119538057137
134,85.0,0.0,94.0,0.0,9.0,0.0169013846987082,16.901384698708203,-0.6998228851923414,16.201561813515863,0.0162015618135158,16.446297319233587,-0.24473550571772407
135,85.0,0.0,98.0,0.0,13.0,0.0244131112314674,24.413111231467404,-0.0097144231441178,24.403396808323286,0.0244033968083232,23.87781539100186,0.5255814173214262
136,85.0,0.0,102.0,0.0,17.0,0.0319248377642266,31.9248377642266,0.491325461342586,32.416163225569186,0.0324161632255691,31.5761564088097,0.8400068167594839
137,85.0,0.0,106.0,0.0,21.0,0.0394365642969858,39.43656429698581,0.313825852200765,39.75039014918657,0.0397503901491865,39.34287099029815,0.4075191588884195
138,85.0,0.0,110.0,0.0,25.0,0.046948290829745,46.94829082974503,-1.3926858020946926,45.55560502765034,0.0455556050276503,46.566878120595504,-1.0112730929451672
139,85.0,0.0,114.0,0.0,29.0,0.0544600173625042,54.46001736250421,-1.1355494481386086,53.3244679143656,0.0533244679143656,53.92099059874552,-0.5965226843799201
140,85.0,0.0,118.0,0.0,33.0,0.0619717438952634,61.97174389526342,-0.7180834434361248,61.2536604518273,0.0612536604518273,61.28473422810376,-0.031073776276457465
141,105.0,0.0,2.0,0.0,103.0,0.1383049980980632,138.3049980980633,1.671754563355561,139.97675266141886,0.1399767526614188,138.44154769544159,1.5352049659772717
142,105.0,0.0,6.0,0.0,99.0,0.1330103226704042,133.01032267040418,-1.564587060064041,131.44573561034014,0.1314457356103401,133.31273289592747,-1.8669972855873311
143,105.0,0.0,10.0,0.0,95.0,0.1297692396095729,129.769239609573,-0.6165559532492731,129.15268365632372,0.1291526836563237,128.95748913428307,0.19519452204065146
144,105.0,0.0,14.0,0.0,91.0,0.1246875091200959,124.68750912009592,1.0441129565876095,125.73162207668354,0.1257316220766835,124.67487933256041,1.0567427441231274
145,105.0,0.0,18.0,0.0,87.0,0.1196333909595956,119.63339095959566,-1.0364544030264788,118.59693655656918,0.1185969365565691,120.08969403727853,-1.4927574807093578
146,105.0,0.0,22.0,0.0,83.0,0.1169791817970611,116.97918179706116,-0.8640713901928111,116.11511040686835,0.1161151104068683,116.43694951448008,-0.32183910761172285
147,105.0,0.0,26.0,0.0,79.0,0.1124220513582106,112.42205135821068,0.1431691575205018,112.56522051573118,0.1125652205157311,112.27718154462275,0.2880389711084348
148,105.0,0.0,30.0,0.0,75.0,0.1091085447093309,109.10854470933096,-0.4903382426731212,108.61820646665784,0.1086182064666578,109.39770413967801,-0.7794976730201739
149,105.0,0.0,34.0,0.0,71.0,0.1067006064157927,106.70060641579276,-0.4932051596750654,106.20740125611768,0.1062074012561176,108.82651303796408,-2.6191117818463994
150,105.0,0.0,38.0,0.0,67.0,0.1119308995860112,111.93089958601122,0.4833156254102539,112.41421521142148,0.1124142152114214,112.16922013946572,0.24499507195575632
151,105.0,0.0,42.0,0.0,63.0,0.1183096928909574,118.30969289095744,-1.0205247248007994,117.28916816615664,0.1172891681661566,114.2914762407381,2.997691925418536
152,105.0,0.0,46.0,0.0,59.0,0.1107979663581982,110.79796635819824,0.9291923221084176,111.72715868030666,0.1117271586803066,110.07183673099968,1.6553219493069804
153,105.0,0.0,50.0,0.0,55.0,0.103286239825439,103.28623982543904,-0.8212113515313372,102.46502847390772,0.1024650284739077,102.79628185479767,-0.3312533808899474
154,105.0,0.0,54.0,0.0,51.0,0.0957745132926797,95.77451329267976,0.8411604968052513,96.615673789485,0.096615673789485,95.19342959801766,1.4222441914673425
155,105.0,0.0,58.0,0.0,47.0,0.0882627867599206,88.2627867599206,-0.5798378728763767,87.68294888704422,0.0876829488870442,87.54565521834034,0.13729366870387594
156,105.0,0.0,62.0,0.0,43.0,0.0807510602271614,80.75106022716142,1.9340824308939184,82.68514265805534,0.0826851426580553,80.73497115500017,1.9501715030551736
157,105.0,0.0,66.0,0.0,39.0,0.0732393336944022,73.23933369440222,0.5533050988543364,73.79263879325656,0.0737926387932565,73.4241456028894,0.3684931903671611
158,105.0,0.0,70.0,0.0,35.0,0.065727607161643,65.727607161643,-0.6056008467125287,65.12200631493046,0.0651220063149304,65.4578893114322,-0.3358829965017378
159,105.0,0.0,74.0,0.0,31.0,0.0582158806288838,58.215880628883816,0.8815024577629151,59.09738308664673,0.0590973830866467,58.02491709625642,1.072465990390313
160,105.0,0.0,78.0,0.0,27.0,0.0507041540961246,50.70415409612461,-0.0407140433086647,50.66344005281594,0.0506634400528159,50.63771250411096,0.02572754870498528
161,105.0,0.0,82.0,0.0,23.0,0.0431924275633654,43.192427563365406,-2.090532565055007,41.1018949983104,0.0411018949983104,42.937840867515206,-1.8359458692048065
162,105.0,0.0,86.0,0.0,19.0,0.0356807010306062,35.680701030606215,0.156129551390414,35.83683058199663,0.0358368305819966,35.58523776466837,0.2515928173282589
163,105.0,0.0,90.0,0.0,15.0,0.028168974497847,28.168974497847007,0.5691838769895351,28.73815837483654,0.0287381583748365,28.207077603120027,0.531080771716514
164,105.0,0.0,94.0,0.0,11.0,0.0206572479650878,20.657247965087805,0.1842087498587456,20.84145671494655,0.0208414567149465,20.712402403508854,0.1290543114376952
165,105.0,0.0,98.0,0.0,7.0,0.0131455214323286,13.145521432328604,-1.4507329398224724,11.694788492506133,0.0116947884925061,13.245914738497333,-1.5511262459912007
166,105.0,0.0,110.0,0.0,5.0,0.0093896581659489,9.389658165948996,-0.1414249873951492,9.248233178553846,0.0092482331785538,9.661655224156526,-0.4134220456026796
167,105.0,0.0,114.0,0.0,9.0,0.0169013846987082,16.901384698708203,0.509025172729218,17.41040987143742,0.0174104098714374,17.14051390665546,0.2698959647819592
168,105.0,0.0,118.0,0.0,13.0,0.0244131112314674,24.413111231467408,0.2938325631979709,24.706943794665374,0.0247069437946653,24.33991429890205,0.367029495763326
169,115.0,0.0,2.0,0.0,113.0,0.1513270328626386,151.3270328626386,-0.4979166449260726,150.8291162177125,0.1508291162177125,151.90883485658773,-1.079718638875221
170,115.0,0.0,6.0,0.0,109.0,0.1474282706728209,147.42827067282096,-1.2336027440955462,146.1946679287254,0.1461946679287254,146.95084540067393,-0.7561774719485186
171,115.0,0.0,10.0,0.0,105.0,0.1424229103328593,142.42291033285937,-1.549552317460032,140.87335801539933,0.1408733580153993,141.5836799806454,-0.7103219652460666
172,115.0,0.0,14.0,0.0,101.0,0.1373097385662872,137.30973856628728,-0.7584517179714938,136.55128684831578,0.1365512868483157,137.30475095670167,-0.7534641083858844
173,115.0,0.0,18.0,0.0,97.0,0.1341669622329416,134.16696223294164,1.6985351560141446,135.8654973889558,0.1358654973889557,134.13795202952394,1.7275453594318435
174,115.0,0.0,22.0,0.0,93.0,0.1294778523316657,129.47785233166576,0.1483031554971384,129.6261554871629,0.1296261554871629,129.98325779905701,-0.3571023118941241
175,115.0,0.0,26.0,0.0,89.0,0.126157962898012,126.15796289801204,-0.5159788306397627,125.64198406737228,0.1256419840673723,126.38208825586356,-0.7401041884912871
176,115.0,0.0,30.0,0.0,85.0,0.1232904813611176,123.29048136111764,-1.431817248276642,121.858664112841,0.1218586641128409,125.69077558200497,-3.8321114691639764
177,115.0,0.0,34.0,0.0,81.0,0.1277152745176754,127.7152745176754,1.6612275870392958,129.3765021047147,0.1293765021047146,128.15287992186634,1.2236221828483451
178,115.0,0.0,38.0,0.0,77.0,0.1292973147126996,129.2973147126997,1.0576505261768712,130.35496523887656,0.1303549652388765,130.45038940424814,-0.0954241653715826
179,115.0,0.0,42.0,0.0,73.0,0.1348694020672799,134.86940206727996,-0.1052461141205169,134.76415595315945,0.1347641559531594,132.10558815477268,2.6585677983867697
180,115.0,0.0,46.0,0.0,69.0,0.1295772826900962,129.57728269009618,-1.79616976743747,127.7811129226587,0.1277811129226587,128.69140037808234,-0.910287455423628
181,115.0,0.0,50.0,0.0,65.0,0.1220655561573369,122.06555615733696,1.66298188763509,123.72853804497204,0.123728538044972,121.66839631999696,2.0601417249750824
182,115.0,0.0,54.0,0.0,61.0,0.1145538296245778,114.5538296245778,-1.1502007752670826,113.40362884931072,0.1134036288493107,113.94421153243047,-0.5405826831197516
183,115.0,0.0,58.0,0.0,57.0,0.1070421030918186,107.0421030918186,-1.5257397936845412,105.51636329813408,0.105516363298134,106.20707136041155,-0.6907080622774657
184,115.0,0.0,62.0,0.0,53.0,0.0995303765590593,99.5303765590594,-0.1206094128429775,99.40976714621642,0.0994097671462164,99.36092234201732,0.048844804199106306
185,115.0,0.0,66.0,0.0,49.0,0.0920186500263002,92.01865002630022,0.4190376262278911,92.43768765252813,0.0924376876525281,92.07185398967577,0.36583366285235286
186,115.0,0.0,70.0,0.0,45.0,0.084506923493541,84.506923493541,-1.2055276266686563,83.30139586687234,0.0833013958668723,84.00260461106349,-0.701208744191149
187,115.0,0.0,74.0,0.0,41.0,0.0769951969607818,76.9951969607818,-1.2961188706619509,75.69907809011984,0.0756990780901198,76.57266396090601,-0.8735858707861723
188,115.0,0.0,78.0,0.0,37.0,0.0694834704280226,69.48347042802261,0.92606367102677,70.40953409904938,0.0704095340990493,69.2808148779225,1.128719221126886
189,115.0,0.0,82.0,0.0,33.0,0.0619717438952634,61.971743895263415,0.245639576593375,62.21738347185679,0.0622173834718567,61.4991334684215,0.7182500034352941
190,115.0,0.0,86.0,0.0,29.0,0.0544600173625042,54.46001736250421,-0.8977331378896924,53.56228422461452,0.0535622842246145,53.87902687287363,-0.31674264825910825
191,115.0,0.0,90.0,0.0,25.0,0.046948290829745,46.94829082974503,-0.7630101268803876,46.18528070286464,0.0461852807028646,46.46985550812564,-0.284574805261002
192,115.0,0.0,94.0,0.0,21.0,0.0394365642969858,39.43656429698581,-1.115862323884241,38.32070197310156,0.0383207019731015,39.02082580906497,-0.700123835963403
193,115.0,0.0,98.0,0.0,17.0,0.0319248377642266,31.92483776422661,-0.5067702501890298,31.41806751403758,0.0314180675140375,31.706380226765212,-0.28831271272763104
194,115.0,0.0,102.0,0.0,13.0,0.0244131112314674,24.413111231467404,0.0518771061749336,24.46498833764234,0.0244649883376423,24.44712998879003,0.017858348852307415
195,115.0,0.0,106.0,0.0,9.0,0.0169013846987082,16.901384698708203,1.6094014041144111,18.51078610282261,0.0185107861028226,17.059671502635403,1.451114600187207
196,115.0,0.0,110.0,0.0,5.0,0.0093896581659489,9.389658165948996,0.6008240410858212,9.990482207034816,0.0099904822070348,9.419797494941855,0.5706847120929606
